Workbook

Sheet Full Inventory Cost
A1: Items | B1: % increase '23 -'24 | C1: % increase '24 -'25 | D1: OLD 2023 Price | E1: OLD 2024 Price | F1: Midyear 2024 Price | G1: Current Price | H1: Store | I1: Quantity | J1: Quantity in oz | K1: Per oz or unit price | L1: Price per cup | M1: Price per tbsp. | N1: Price per Tsp. | O1: Price Per Gram | P1: 1 oz = 2 tbsp. | Q1: 1 oz = 6 tsp. | R1: 1 oz = .125 cups
A2: -------------------
A3: Drink Supplies
A4: Espresso Beans ($9 + tarriff of 10%) | B4: =((E4-D4)/D4) -> 0 | C4: =((G4-F4)/F4) -> 0.16470588 | D4: 8.5 | E4: 8.5 | F4: 8.5 | G4: 9.9 | H4: Numinous | I4: 1lb | J4: 16 | K4: =G4/J4 -> 0.61875 | L4: =K4*8 -> 4.95 | M4: =L4/16 -> 0.309375 | N4: =M4/3 -> 0.103125 | O4: =K4/28.3495 -> 0.021825782
A5: House Beans | B5: =((E5-D5)/D5) -> 0 | C5: =((G5-F5)/F5) -> 0.16470588 | D5: 8.5 | E5: 8.5 | F5: 8.5 | G5: 9.9 | H5: Numinous | I5: 1lb | J5: 16 | K5: =G5/J5 -> 0.61875 | L5: =K5*8 -> 4.95 | M5: =L5/16 -> 0.309375 | N5: =M5/3 -> 0.103125 | O5: =K5/28.3495 -> 0.021825782
A6: Decaf Beans | B6: =((E6-D6)/D6) -> 0 | C6: =((G6-F6)/F6) -> 0.16470588 | D6: 8.5 | E6: 8.5 | F6: 8.5 | G6: 9.9 | H6: Numinous | I6: 1lb | J6: 16 | K6: =G6/J6 -> 0.61875 | L6: =K6*8 -> 4.95 | M6: =L6/16 -> 0.309375 | N6: =M6/3 -> 0.103125 | O6: =K6/28.3495 -> 0.021825782
A7: Rishi Masala Chai (32 oz) | B7: =((E7-D7)/D7) -> 0 | C7: =((G7-F7)/F7) -> 0 | D7: 70 | E7: 70 | F7: 70 | G7: 70 | H7: Numinous | I7: 12 quarts | J7: 384 | K7: =G7/J7 -> 0.18229167 | L7: =K7*8 -> 1.4583333 | M7: =L7/16 -> 0.091145833 | N7: =M7/3 -> 0.030381944 | O7: =K7/28.3495 -> 0.0064301546
A8: HEB Creamy Creations Vanilla Ice Cream | B8: =((E8-D8)/D8) -> 0.040114613 | C8: =((G8-F8)/F8) -> -0.084022039 | D8: 6.98 | E8: 7.26 | F8: 7.26 | G8: 6.65 | H8: HEB | I8: 64oz | J8: 64 | K8: =G8/J8 -> 0.10390625 | L8: =K8*8 -> 0.83125 | M8: =L8/16 -> 0.051953125 | N8: =M8/3 -> 0.017317708 | O8: =K8/28.3495 -> 0.0036651881
A9: HEB Whole Frozen Strawberries (5 lbs) | B9: =((E9-D9)/D9) -> 0 | C9: =((G9-F9)/F9) -> 0.057803468 | D9: 10.38 | E9: 10.38 | F9: 10.38 | G9: 10.98 | H9: HEB | I9: 5lb bag | J9: 80 | K9: =G9/J9 -> 0.13725 | L9: =K9*8 -> 1.098 | M9: =L9/16 -> 0.068625 | N9: =M9/3 -> 0.022875 | O9: =K9/28.3495 -> 0.0048413552
A10: HEB Whole Frozen Blueberries (5 lbs) | B10: =((E10-D10)/D10) -> 0 | C10: =((G10-F10)/F10) -> -0.20451527 | D10: 15.06 | E10: 15.06 | F10: 15.06 | G10: 11.98 | H10: HEB | I10: 5lb bag | J10: 80 | K10: =G10/J10 -> 0.14975 | L10: =K10*8 -> 1.198 | M10: =L10/16 -> 0.074875 | N10: =M10/3 -> 0.024958333 | O10: =K10/28.3495 -> 0.0052822801
A11: HEB Frozen Mango Chunks (16 oz) | B11: =((E11-D11)/D11) -> 0.026490066 | C11: =((G11-F11)/F11) -> 0.051612903 | D11: 3.02 | E11: 3.1 | F11: 3.1 | G11: 3.26 | H11: HEB | I11: 16oz | J11: 16 | K11: =G11/J11 -> 0.20375 | L11: =K11*8 -> 1.63 | M11: =L11/16 -> 0.101875 | N11: =M11/3 -> 0.033958333 | O11: =K11/28.3495 -> 0.0071870756
A12: HEB More Fruit Peach & Mango Fruit Spread (15.5oz) | B12: =((E12-D12)/D12) -> 0.1570997 | C12: =((G12-F12)/F12) -> 0.01305483 | D12: 3.31 | E12: 3.83 | F12: 3.83 | G12: 3.88 | H12: HEB | I12: 15.5oz | J12: 15.5 | K12: =G12/J12 -> 0.25032258 | L12: =K12*8 -> 2.0025806 | M12: =L12/16 -> 0.12516129 | N12: =M12/3 -> 0.04172043 | O12: =K12/28.3495 -> 0.0088298764
A13: Hill Country Fare Pineapple Preserves (16 oz) | B13: =((E13-D13)/D13) -> 0.11178248 | D13: 3.31 | E13: 3.68 | F13: 2.96 | G13: 3.17 | H13: HEB | I13: 16oz | J13: 15.5 | K13: =G13/J13 -> 0.20451613 | L13: =K13*8 -> 1.636129 | M13: =L13/16 -> 0.10225806 | N13: =M13/3 -> 0.034086022 | O13: =K13/28.3495 -> 0.0072141
A14: Hill Country Fare Strawberry Preserves (32 oz) | B14: =((E14-D14)/D14) -> -0.014851485 | C14: =((G14-F14)/F14) -> 0.065326633 | D14: 4.04 | E14: 3.98 | F14: 3.98 | G14: 4.24 | H14: HEB | I14: 32oz | J14: 32 | K14: =G14/J14 -> 0.1325 | L14: =K14*8 -> 1.06 | M14: =L14/16 -> 0.06625 | N14: =M14/3 -> 0.022083333 | O14: =K14/28.3495 -> 0.0046738038
A15: Fresh Granny Smith Apples (3 lb Bag) | B15: =((E15-D15)/D15) -> 0.048309179 | C15: =((G15-F15)/F15) -> -0.039170507 | D15: 4.14 | E15: 4.34 | F15: 4.34 | G15: 4.17 | H15: HEB | I15: 3lb bag | J15: 48 | K15: =G15/J15 -> 0.086875 | L15: =K15*8 -> 0.695 | M15: =L15/16 -> 0.0434375 | N15: =M15/3 -> 0.014479167 | O15: =K15/28.3495 -> 0.0030644279
A16: HEB Fresh Bananas | B16: =((E16-D16)/D16) -> -0.14965986 | C16: =((G16-F16)/F16) -> 0.04 | D16: 1.47 | E16: 1.25 | F16: 1.25 | G16: 1.3 | H16: HEB | I16: 2.58lbs | J16: 41.28 | K16: =G16/J16 -> 0.031492248 | L16: =K16*8 -> 0.25193798 | M16: =L16/16 -> 0.015746124 | N16: =M16/3 -> 0.005248708 | O16: =K16/28.3495 -> 0.0011108573
A17: HEB Spinach (9oz Bag) | B17: =((E17-D17)/D17) -> 0 | C17: =((G17-F17)/F17) -> -0.0057142857 | D17: 1.75 | E17: 1.75 | F17: 1.75 | G17: 1.74 | H17: HEB | I17: 9oz bag | J17: 9 | K17: =G17/J17 -> 0.19333333 | L17: =K17*8 -> 1.5466667 | M17: =L17/16 -> 0.096666667 | N17: =M17/3 -> 0.032222222 | O17: =K17/28.3495 -> 0.0068196382
A18: HEB Bag of Lemons | F18: 4.08 | G18: 4.08 | H18: HEB | I18: 2lb bag (~10 lemons) | J18: 32 | K18: =G18/J18 -> 0.1275 | L18: =K18*8 -> 1.02 | M18: =L18/16 -> 0.06375 | N18: =M18/3 -> 0.02125 | O18: =K18/28.3495 -> 0.0044974338
A19: HEB Baby Spring Mix (10 oz) | B19: =((E19-D19)/D19) -> 0.21290323 | D19: 3.1 | E19: 3.76 | F19: 3.76 | H19: HEB | I19: 10oz box | J19: 10 | K19: =G19/J19 -> 0 | L19: =K19*8 -> 0 | M19: =L19/16 -> 0 | N19: =M19/3 -> 0 | O19: =K19/28.3495 -> 0
A20: HCF Whole Milk | B20: =((E20-D20)/D20) -> 0.058823529 | C20: =((G20-F20)/F20) -> -0.038647343 | D20: 3.91 | E20: 4.14 | F20: 4.14 | G20: 3.98 | H20: HEB | I20: 1 gal | J20: 128 | K20: =G20/J20 -> 0.03109375 | L20: =K20*8 -> 0.24875 | M20: =L20/16 -> 0.015546875 | N20: =M20/3 -> 0.0051822917 | O20: =K20/28.3495 -> 0.0010968006
A21: HCF Fat Free Milk | B21: =((E21-D21)/D21) -> 0.058823529 | C21: =((G21-F21)/F21) -> -0.038647343 | D21: 3.91 | E21: 4.14 | F21: 4.14 | G21: 3.98 | H21: HEB | I21: 1 gal | J21: 128 | K21: =G21/J21 -> 0.03109375 | L21: =K21*8 -> 0.24875 | M21: =L21/16 -> 0.015546875 | N21: =M21/3 -> 0.0051822917 | O21: =K21/28.3495 -> 0.0010968006
A22: HEB Almond Milk - Higher Harvest | B22: =((E22-D22)/D22) -> -0.15249267 | D22: 3.41 | E22: 2.89 | F22: 2.89 | H22: HEB | I22: .5 gal | J22: 64 | K22: =G22/J22 -> 0 | L22: =K22*8 -> 0 | M22: =L22/16 -> 0 | N22: =M22/3 -> 0 | O22: =K22/28.3495 -> 0
A23: HEB Original Coconut Milk | B23: =((E23-D23)/D23) -> -0.053763441 | C23: =((G23-F23)/F23) -> -0.048295455 | D23: 3.72 | E23: 3.52 | F23: 3.52 | G23: 3.35 | H23: HEB | I23: 64oz | J23: 64 | K23: =G23/J23 -> 0.05234375 | L23: =K23*8 -> 0.41875 | M23: =L23/16 -> 0.026171875 | N23: =M23/3 -> 0.0087239583 | O23: =K23/28.3495 -> 0.001846373
A24: HEB Original Oat Milk | B24: =((E24-D24)/D24) -> 0 | C24: =((G24-F24)/F24) -> -0.03960396 | D24: 4.04 | E24: 4.04 | F24: 4.04 | G24: 3.88 | H24: HEB | I24: 64oz | J24: 64 | K24: =G24/J24 -> 0.060625 | L24: =K24*8 -> 0.485 | M24: =L24/16 -> 0.0303125 | N24: =M24/3 -> 0.010104167 | O24: =K24/28.3495 -> 0.0021384857
A25: HEB Half & Half (64oz) | B25: =((E25-D25)/D25) -> 0.15811088 | C25: =((G25-F25)/F25) -> 0 | D25: 4.87 | E25: 5.64 | F25: 5.64 | G25: 5.64 | H25: HEB | I25: 64oz | J25: 64 | K25: =G25/J25 -> 0.088125 | L25: =K25*8 -> 0.705 | M25: =L25/16 -> 0.0440625 | N25: =M25/3 -> 0.0146875 | O25: =K25/28.3495 -> 0.0031085204
A26: HEB Heavy Whipping Cream (32oz) | B26: =((E26-D26)/D26) -> 0.13899614 | C26: =((G26-F26)/F26) -> -0.10338983 | D26: 5.18 | E26: 5.9 | F26: 5.9 | G26: 5.29 | H26: HEB | I26: 32oz | J26: 32 | K26: =G26/J26 -> 0.1653125 | L26: =K26*8 -> 1.3225 | M26: =L26/16 -> 0.08265625 | N26: =M26/3 -> 0.027552083 | O26: =K26/28.3495 -> 0.0058312316
A27: HEB Real Original Dairy Whip Cream (13oz) | B27: =((E27-D27)/D27) -> 0.0032258065 | C27: =((G27-F27)/F27) -> -0.038585209 | D27: 3.1 | E27: 3.11 | F27: 3.11 | G27: 2.99 | H27: HEB | I27: 13oz (37 Servings) | J27: 37 | K27: =G27/J27 -> 0.080810811 | L27: =K27*8 -> 0.64648649 | M27: =L27/16 -> 0.040405405 | N27: =M27/3 -> 0.013468468 | O27: =K27/28.3495 -> 0.0028505198
A28: HEB Original Pancake & Waffle Syrup (36 oz) | B28: =((E28-D28)/D28) -> 0.17613636 | D28: 3.52 | E28: 4.14 | F28: 4.14 | H28: HEB | I28: 36oz | J28: 36 | K28: =G28/J28 -> 0 | L28: =K28*8 -> 0 | M28: =L28/16 -> 0 | N28: =M28/3 -> 0 | O28: =K28/28.3495 -> 0
A29: HEB Sweetened Condensed Milk (14 oz) | B29: =((E29-D29)/D29) -> 0 | D29: 1.92 | E29: 1.92 | F29: 1.92 | H29: HEB | I29: 14oz | J29: 14 | K29: =G29/J29 -> 0 | L29: =K29*8 -> 0 | M29: =L29/16 -> 0 | N29: =M29/3 -> 0 | O29: =K29/28.3495 -> 0
A30: La Costena Pickled Jalapeno Naco Slices (15.5oz) | C30: =((G30-F30)/F30) -> 0 | F30: 1.88 | G30: 1.88 | H30: HEB | I30: 15.5oz | J30: 15.5 | K30: =G30/J30 -> 0.12129032 | L30: =K30*8 -> 0.97032258 | M30: =L30/16 -> 0.060645161 | N30: =M30/3 -> 0.020215054 | O30: =K30/28.3495 -> 0.0042783937
A31: Honest KidsJuice Pouches (32 pack - 6.75oz) | B31: =((E31-D31)/D31) -> 0.069892473 | C31: =((G31-F31)/F31) -> 0 | D31: 14.88 | E31: 15.92 | F31: 15.92 | G31: 15.92 | H31: Amazon | I31: 32 Pack | J31: 32 | K31: =G31/J31 -> 0.4975 | L31: =K31*8 -> 3.98 | M31: =L31/16 -> 0.24875 | N31: =M31/3 -> 0.082916667 | O31: =K31/28.3495 -> 0.01754881
A32: Amazon Fresh Hazelnut Spread (26.5oz) | B32: =((E32-D32)/D32) -> 0 | C32: =((G32-F32)/F32) -> -0.049657534 | D32: 5.84 | E32: 5.84 | F32: 5.84 | G32: 5.55 | H32: Amazon | I32: 26.5 | J32: 26.5 | K32: =G32/J32 -> 0.20943396 | L32: =K32*8 -> 1.6754717 | M32: =L32/16 -> 0.10471698 | N32: =M32/3 -> 0.03490566 | O32: =K32/28.3495 -> 0.0073875716
A33: Lipton Black Tea Bags (100 bags) | B33: =((E33-D33)/D33) -> 0.16404494 | C33: =((G33-F33)/F33) -> -0.098393574 | D33: 4.45 | E33: 5.18 | F33: 4.98 | G33: 4.49 | H33: Amazon | I33: 100 bags | J33: 100 | K33: =G33/J33 -> 0.0449 | L33: =K33*8 -> 0.3592 | M33: =L33/16 -> 0.02245 | N33: =M33/3 -> 0.0074833333 | O33: =K33/28.3495 -> 0.0015838022
A34: Taylors Organic Peppermint Herbal Tea (50 count) | B34: =((E34-D34)/D34) -> 1.8416834 | C34: =((G34-F34)/F34) -> -0.47813822 | D34: 4.99 | E34: 14.18 | F34: 14.18 | G34: 7.4 | H34: Amazon | I34: 50 teabag | J34: 50 | K34: =G34/J34 -> 0.148 | L34: =K34*8 -> 1.184 | M34: =L34/16 -> 0.074 | N34: =M34/3 -> 0.024666667 | O34: =K34/28.3495 -> 0.0052205506
A35: Taylors Lemon & Ginger Tea (20 count - 6 pack) | B35: =((E35-D35)/D35) -> -0.20311958 | C35: =((G35-F35)/F35) -> 0.043497173 | D35: 28.85 | E35: 22.99 | F35: 22.99 | G35: 23.99 | H35: Amazon | I35: 120 teabag | J35: 120 | K35: =G35/J35 -> 0.19991667 | L35: =K35*8 -> 1.5993333 | M35: =L35/16 -> 0.099958333 | N35: =M35/3 -> 0.033319444 | O35: =K35/28.3495 -> 0.0070518586
A36: Taylors Earl Gray Tea (50 count) | B36: =((E36-D36)/D36) -> -0.096870343 | C36: =((G36-F36)/F36) -> 0.2310231 | D36: 6.71 | E36: 6.06 | F36: 6.06 | G36: 7.46 | H36: Amazon | I36: 50 teabag | J36: 50 | K36: =G36/J36 -> 0.1492 | L36: =K36*8 -> 1.1936 | M36: =L36/16 -> 0.0746 | N36: =M36/3 -> 0.024866667 | O36: =K36/28.3495 -> 0.0052628794
A37: Taylors English Breakfast Tea (50 count) | B37: =((E37-D37)/D37) -> 0.089766607 | C37: =((G37-F37)/F37) -> 0.15321252 | D37: 5.57 | E37: 6.07 | F37: 6.07 | G37: 7 | H37: Amazon | I37: 50 teabag | J37: 50 | K37: =G37/J37 -> 0.14 | L37: =K37*8 -> 1.12 | M37: =L37/16 -> 0.07 | N37: =M37/3 -> 0.023333333 | O37: =K37/28.3495 -> 0.0049383587
A38: Taylors Green Tea with Jasmine (50 count) | B38: =((E38-D38)/D38) -> 0.41491841 | C38: =((G38-F38)/F38) -> 0.20098847 | D38: 4.29 | E38: 6.07 | F38: 6.07 | G38: 7.29 | H38: Amazon | I38: 50 teabag | J38: 50 | K38: =G38/J38 -> 0.1458 | L38: =K38*8 -> 1.1664 | M38: =L38/16 -> 0.0729 | N38: =M38/3 -> 0.0243 | O38: =K38/28.3495 -> 0.0051429478
A39: Gold Standard Whey Protein Powder, Vanilla Ice Cream (5lb) | B39: =((E39-D39)/D39) -> 0.10491665 | C39: =((G39-F39)/F39) -> -0.13805781 | D39: 71.39 | E39: 78.88 | F39: 78.88 | G39: 67.99 | H39: Amazon | I39: 5 lb | J39: 80 | K39: =G39/J39 -> 0.849875 | L39: =K39*8 -> 6.799 | M39: =L39/16 -> 0.4249375 | N39: =M39/3 -> 0.14164583 | O39: =K39/28.3495 -> 0.029978483
A40: Z Natural Foods Bee Pollen Granules (1lb) | B40: =((E40-D40)/D40) -> 0 | C40: =((G40-F40)/F40) -> 0.15797788 | D40: 18.99 | E40: 18.99 | F40: 18.99 | G40: 21.99 | H40: Amazon | I40: 16oz | J40: 16 | K40: =G40/J40 -> 1.374375 | L40: =K40*8 -> 10.995 | M40: =L40/16 -> 0.6871875 | N40: =M40/3 -> 0.2290625 | O40: =K40/28.3495 -> 0.048479691
A41: Califia Farms Oat Barista Milk Original 32oz (Case of 6) | B41: =((E41-D41)/D41) -> -0.26791277 | C41: =((G41-F41)/F41) -> 0.36595745 | D41: 25.68 | E41: 18.8 | F41: 18.8 | G41: 25.68 | H41: Amazon | I41: 32oz - 6 pack | J41: 192 | K41: =G41/J41 -> 0.13375 | L41: =K41*8 -> 1.07 | M41: =L41/16 -> 0.066875 | N41: =M41/3 -> 0.022291667 | O41: =K41/28.3495 -> 0.0047178963
A42: Torani Sugar-Free Vanilla Syrup 25.4oz (4 pack) | B42: =((E42-D42)/D42) -> 0.27730563 | C42: =((G42-F42)/F42) -> -0.36126171 | D42: 31.77 | E42: 40.58 | F42: 40.58 | G42: 25.92 | H42: Amazon | I42: 25.4oz - 4 pack | J42: =25.4*4 -> 101.6 | K42: =G42/J42 -> 0.25511811 | L42: =K42*8 -> 2.0409449 | M42: =L42/16 -> 0.12755906 | N42: =M42/3 -> 0.042519685 | O42: =K42/28.3495 -> 0.0089990339
A43: Da Vinci Classic Vanilla Syrup 25.4 (4 pack) | B43: =((E43-D43)/D43) -> -0.12443158 | C43: =((G43-F43)/F43) -> 0.299339 | D43: 24.19 | E43: 21.18 | F43: 21.18 | G43: 27.52 | H43: Amazon | I43: 25.4oz - 4 pack | J43: =25.4*4 -> 101.6 | K43: =G43/J43 -> 0.27086614 | L43: =K43*8 -> 2.1669291 | M43: =L43/16 -> 0.13543307 | N43: =M43/3 -> 0.045144357 | O43: =K43/28.3495 -> 0.0095545298
A44: Da Vinci Classic Caramel Syrup 25.4oz (4 pack) | B44: =((E44-D44)/D44) -> -0.014306152 | C44: =((G44-F44)/F44) -> 0.07256894 | D44: 27.96 | E44: 27.56 | F44: 27.56 | G44: 29.56 | H44: Amazon | I44: 25.4oz - 4 pack | J44: =25.4*4 -> 101.6 | K44: =G44/J44 -> 0.29094488 | L44: =K44*8 -> 2.3275591 | M44: =L44/16 -> 0.14547244 | N44: =M44/3 -> 0.048490814 | O44: =K44/28.3495 -> 0.010262787
A45: Da Vinci Classic Hazelnut Syrup 25.4oz (4 pack) | B45: =((E45-D45)/D45) -> 0.016339869 | C45: =((G45-F45)/F45) -> 0.18810289 | D45: 24.48 | E45: 24.88 | F45: 24.88 | G45: 29.56 | H45: Amazon | I45: 25.4oz - 4 pack | J45: =25.4*4 -> 101.6 | K45: =G45/J45 -> 0.29094488 | L45: =K45*8 -> 2.3275591 | M45: =L45/16 -> 0.14547244 | N45: =M45/3 -> 0.048490814 | O45: =K45/28.3495 -> 0.010262787
A46: Da Vinci Classic Irish Cream Syrup 25.4oz (4 pack) | B46: =((E46-D46)/D46) -> 0.70669935 | C46: =((G46-F46)/F46) -> -0.23528004 | D46: 24.48 | E46: 41.78 | F46: 41.78 | G46: 31.95 | H46: Amazon | I46: 25.4oz - 4 pack | J46: =25.4*4 -> 101.6 | K46: =G46/J46 -> 0.3144685 | L46: =K46*8 -> 2.515748 | M46: =L46/16 -> 0.15723425 | N46: =M46/3 -> 0.052411417 | O46: =K46/28.3495 -> 0.011092559
A47: Da Vinci Sugar Free-Irish Cream Syrup 25.4oz (4 pack) | B47: =((E47-D47)/D47) -> 0.62262443 | C47: =((G47-F47)/F47) -> 0.54824317 | D47: 11.05 | E47: 17.93 | F47: 17.93 | G47: 27.76 | H47: Amazon | I47: 25.4oz - 4pack | J47: 102 | K47: =G47/J47 -> 0.27215686 | L47: =K47*8 -> 2.1772549 | M47: =L47/16 -> 0.13607843 | N47: =M47/3 -> 0.045359477 | O47: =K47/28.3495 -> 0.0096000587
A48: Da Vinci Classic Raspberry Syrup 25.4oz (4 pack) | B48: =((E48-D48)/D48) -> -0.12643266 | C48: =((G48-F48)/F48) -> 0.21197212 | D48: 27.92 | E48: 24.39 | F48: 24.39 | G48: 29.56 | H48: Amazon | I48: 25.4oz - 4 pack | J48: 102 | K48: =G48/J48 -> 0.28980392 | L48: =K48*8 -> 2.3184314 | M48: =L48/16 -> 0.14490196 | N48: =M48/3 -> 0.048300654 | O48: =K48/28.3495 -> 0.010222541
A49: Da Vinci Classic Coconut Syrup 25.4oz (4 pack) | B49: =((E49-D49)/D49) -> -0.13782796 | C49: =((G49-F49)/F49) -> 0.13867488 | D49: 30.11 | E49: 25.96 | F49: 25.96 | G49: 29.56 | H49: Amazon | I49: 25.4oz - 4 pack | J49: 102 | K49: =G49/J49 -> 0.28980392 | L49: =K49*8 -> 2.3184314 | M49: =L49/16 -> 0.14490196 | N49: =M49/3 -> 0.048300654 | O49: =K49/28.3495 -> 0.010222541
A50: Da Vinci Lavendar Syrup 25.4oz (1 pack) | B50: =((E50-D50)/D50) -> -0.18018018 | C50: =((G50-F50)/F50) -> 0.074481074 | D50: 9.99 | E50: 8.19 | F50: 8.19 | G50: 8.8 | H50: Amazon | I50: 25.4oz | J50: 25 | K50: =G50/J50 -> 0.352 | L50: =K50*8 -> 2.816 | M50: =L50/16 -> 0.176 | N50: =M50/3 -> 0.058666667 | O50: =K50/28.3495 -> 0.012416445
A51: Da Vinci Rose Syrup 25.4oz (1 pack) | B51: =((E51-D51)/D51) -> -0.16509927 | C51: =((G51-F51)/F51) -> 1.3153942 | D51: 9.57 | E51: 7.99 | F51: 7.99 | G51: 18.5 | H51: Amazon | I51: 25.4oz | J51: 25 | K51: =G51/J51 -> 0.74 | L51: =K51*8 -> 5.92 | M51: =L51/16 -> 0.37 | N51: =M51/3 -> 0.12333333 | O51: =K51/28.3495 -> 0.026102753
A52: Da Vinci Classic Cinnamon Syrup 25.4oz (4 pack) | B52: =((E52-D52)/D52) -> -0.0068468468 | C52: =((G52-F52)/F52) -> 0.04862119 | D52: 27.75 | E52: 27.56 | F52: 27.56 | G52: 28.9 | H52: Amazon | I52: 25.4oz - 4 pack | J52: =25.4*4 -> 101.6 | K52: =G52/J52 -> 0.28444882 | L52: =K52*8 -> 2.2755906 | M52: =L52/16 -> 0.14222441 | N52: =M52/3 -> 0.047408136 | O52: =K52/28.3495 -> 0.010033645
A53: Da Vinci Classic Cane Sugar Syrup 25.4oz (4 pack) | B53: =((E53-D53)/D53) -> -0.11436541 | C53: =((G53-F53)/F53) -> 0.16377953 | D53: 28.68 | E53: 25.4 | F53: 25.4 | G53: 29.56 | H53: Amazon | I53: 25.4oz - 4 pack | J53: =25.4*4 -> 101.6 | K53: =G53/J53 -> 0.29094488 | L53: =K53*8 -> 2.3275591 | M53: =L53/16 -> 0.14547244 | N53: =M53/3 -> 0.048490814 | O53: =K53/28.3495 -> 0.010262787
A54: Da Vinci Classic Strawberry Syrup 25.4oz (4 pack) | B54: =((E54-D54)/D54) -> 0.47931785 | C54: =((G54-F54)/F54) -> -0.33799362 | D54: 27.56 | E54: 40.77 | F54: 40.77 | G54: 26.99 | H54: Amazon | I54: 25.4oz - 4 pack | J54: =25.4*4 -> 101.6 | K54: =G54/J54 -> 0.26564961 | L54: =K54*8 -> 2.1251969 | M54: =L54/16 -> 0.1328248 | N54: =M54/3 -> 0.044274934 | O54: =K54/28.3495 -> 0.0093705217
A55: Da Vinci Classic Blueberry Syrup 25.4oz (4 pack) | B55: =((E55-D55)/D55) -> 0.60075009 | C55: =((G55-F55)/F55) -> -0.37039404 | D55: 29.33 | E55: 46.95 | F55: 46.95 | G55: 29.56 | H55: Amazon | I55: 25.4oz - 4 pack | J55: =25.4*4 -> 101.6 | K55: =G55/J55 -> 0.29094488 | L55: =K55*8 -> 2.3275591 | M55: =L55/16 -> 0.14547244 | N55: =M55/3 -> 0.048490814 | O55: =K55/28.3495 -> 0.010262787
A56: Califia Farms Almond Barista Milk Unsweetened 32oz (Case of 6) | B56: =((E56-D56)/D56) -> 0 | C56: =((G56-F56)/F56) -> -0.14507254 | D56: 19.99 | E56: 19.99 | F56: 19.99 | G56: 17.09 | H56: Amazon | I56: 32oz - 6 pack | J56: 192 | K56: =G56/J56 -> 0.089010417 | L56: =K56*8 -> 0.71208333 | M56: =L56/16 -> 0.044505208 | N56: =M56/3 -> 0.014835069 | O56: =K56/28.3495 -> 0.0031397526
A57: Pacific Barista Series Original Coconut Milk 32 oz (12 Pack) | B57: =((E57-D57)/D57) -> -0.0057578587 | C57: =((G57-F57)/F57) -> 0.0086085459 | D57: 64.26 | E57: 63.89 | F57: 63.89 | G57: 64.44 | H57: Amazon | I57: 32oz - 12 pack | J57: 384 | K57: =G57/J57 -> 0.1678125 | L57: =K57*8 -> 1.3425 | M57: =L57/16 -> 0.08390625 | N57: =M57/3 -> 0.02796875 | O57: =K57/28.3495 -> 0.0059194166
A58: Ghirardelli White Chocolate Sauce (87.3oz) | B58: =((E58-D58)/D58) -> -0.14888805 | C58: =((G58-F58)/F58) -> -0.026129318 | D58: 26.53 | E58: 22.58 | F58: 22.58 | G58: 21.99 | H58: Amazon | I58: 87.3 oz | J58: 87.3 | K58: =G58/J58 -> 0.25189003 | L58: =K58*8 -> 2.0151203 | M58: =L58/16 -> 0.12594502 | N58: =M58/3 -> 0.041981672 | O58: =K58/28.3495 -> 0.0088851667
A59: Ghirardelli Caramel Sauce Syrup (90.4.3oz) | B59: =((E59-D59)/D59) -> -0.14687065 | C59: =((G59-F59)/F59) -> 0.056732964 | D59: 35.95 | E59: 30.67 | F59: 30.67 | G59: 32.41 | H59: Amazon | I59: 90.4 oz | J59: 90.4 | K59: =G59/J59 -> 0.3585177 | L59: =K59*8 -> 2.8681416 | M59: =L59/16 -> 0.17925885 | N59: =M59/3 -> 0.05975295 | O59: =K59/28.3495 -> 0.01264635
A60: Bluemania Energy Prime (24 cans) | B60: =((E60-D60)/D60) -> 0 | C60: =((G60-F60)/F60) -> 0 | D60: 29.99 | E60: 29.99 | F60: 29.99 | G60: 29.99 | H60: Amazon | I60: 24 cans | J60: 24 | K60: =G60/J60 -> 1.2495833 | L60: =K60*8 -> 9.9966667 | M60: =L60/16 -> 0.62479167 | N60: =M60/3 -> 0.20826389 | O60: =K60/28.3495 -> 0.044077791
A61: Bluemania Sugar-Free Energy Prime (24 cans) | B61: =((E61-D61)/D61) -> 0 | C61: =((G61-F61)/F61) -> 0 | D61: 29.99 | E61: 29.99 | F61: 29.99 | G61: 29.99 | H61: Amazon | I61: 24 cans | J61: 24 | K61: =G61/J61 -> 1.2495833 | L61: =K61*8 -> 9.9966667 | M61: =L61/16 -> 0.62479167 | N61: =M61/3 -> 0.20826389 | O61: =K61/28.3495 -> 0.044077791
A62: Amazon Grocery Nutmeg, Ground (3.25 oz) | B62: =((E62-D62)/D62) -> 0 | C62: =((G62-F62)/F62) -> -0.1800554 | D62: 3.61 | E62: 3.61 | F62: 3.61 | G62: 2.96 | H62: Amazon | I62: 3.25oz | J62: 3.25 | K62: =G62/J62 -> 0.91076923 | L62: =K62*8 -> 7.2861538 | M62: =L62/16 -> 0.45538462 | N62: =M62/3 -> 0.15179487 | O62: =K62/28.3495 -> 0.032126465
A63: Solimo Coconut MCT Oil Unflavored (32oz) | B63: =((E63-D63)/D63) -> -0.051252184 | C63: =((G63-F63)/F63) -> -0.0024554942 | D63: 17.17 | E63: 16.29 | F63: 16.29 | G63: 16.25 | H63: Amazon | I63: 32oz | J63: 32 | K63: =G63/J63 -> 0.5078125 | L63: =K63*8 -> 4.0625 | M63: =L63/16 -> 0.25390625 | N63: =M63/3 -> 0.084635417 | O63: =K63/28.3495 -> 0.017912573
A64: CBD Oil 2000mg 2.2oz bottle | B64: =((E64-D64)/D64) -> 0 | C64: =((G64-F64)/F64) -> -1 | D64: 60 | E64: 60 | F64: 60 | H64: Vendor | I64: 2000mg - 2.2oz | J64: =2000/15 -> 133.33333 | K64: =G64/J64 -> 0 | L64: =K64*8 -> 0 | M64: =L64/16 -> 0 | N64: =M64/3 -> 0 | O64: =K64/28.3495 -> 0
A65: Better Body Foods Organic Superfood Blend (12.7 oz - 30 Servings) | B65: =((E65-D65)/D65) -> 0 | C65: =((G65-F65)/F65) -> 0 | D65: 14.24 | E65: 14.24 | F65: 14.24 | G65: 14.24 | H65: Amazon | I65: 30 servings | J65: 12.7 | K65: =G65/J65 -> 1.1212598 | L65: =K65*8 -> 8.9700787 | M65: =L65/16 -> 0.56062992 | N65: =M65/3 -> 0.18687664 | O65: =K65/28.3495 -> 0.039551309
A66: Nitrogen Gas Cyclinder Tank (24 x 5 Gallon Keg) | B66: =((E66-D66)/D66) -> 0 | C66: =((G66-F66)/F66) -> 0 | D66: 55 | E66: 55 | F66: 55 | G66: 55 | H66: Vendor | I66: 4 gallon | J66: 512 | K66: =G66/J66 -> 0.10742188 | L66: =K66*8 -> 0.859375 | M66: =L66/16 -> 0.053710938 | N66: =M66/3 -> 0.017903646 | O66: =K66/28.3495 -> 0.0037891982
A68: -------------------
A69: Food Supplies
A70: Numinous Kolaches | B70: =((E70-D70)/D70) -> 0 | D70: 2.5 | E70: 2.5 | F70: 2.5 | H70: Numinous | I70: 1 | J70: 1 | K70: =G70/J70 -> 0 | L70: =K70*8 -> 0 | M70: =L70/16 -> 0 | N70: =M70/3 -> 0 | O70: =K70/28.3495 -> 0
A71: HEB Creamy Tomato Basil Soup (31.4oz jar) | B71: =((E71-D71)/D71) -> 0 | C71: =((G71-F71)/F71) -> -0.038554217 | D71: 8.3 | E71: 8.3 | F71: 8.3 | G71: 7.98 | H71: HEB | I71: 31.4oz | J71: 31.4 | K71: =G71/J71 -> 0.25414013 | L71: =K71*8 -> 2.033121 | M71: =L71/16 -> 0.12707006 | N71: =M71/3 -> 0.042356688 | O71: =K71/28.3495 -> 0.0089645365
A72: HEB Organic Tomato Basil Soup (17.3oz box) | B72: =((E72-D72)/D72) -> 0 | C72: =((G72-F72)/F72) -> -0.037313433 | D72: 2.68 | E72: 2.68 | F72: 2.68 | G72: 2.58 | H72: HEB | I72: 17.3oz | J72: 17.3 | K72: =G72/J72 -> 0.14913295 | L72: =K72*8 -> 1.1930636 | M72: =L72/16 -> 0.074566474 | N72: =M72/3 -> 0.024855491 | O72: =K72/28.3495 -> 0.0052605142
A73: HEB Sourdough bread (12 slices) | B73: =((E73-D73)/D73) -> 0 | C73: =((G73-F73)/F73) -> -0.038647343 | D73: 4.14 | E73: 4.14 | F73: 4.14 | G73: 3.98 | H73: HEB | I73: 12 slices | J73: 12 | K73: =G73/J73 -> 0.33166667 | L73: =K73*8 -> 2.6533333 | M73: =L73/16 -> 0.16583333 | N73: =M73/3 -> 0.055277778 | O73: =K73/28.3495 -> 0.011699207
A74: Thomas Everything Bagels (6 ct) | B74: =((E74-D74)/D74) -> -0.064593301 | C74: =((G74-F74)/F74) -> 0.015345269 | D74: 4.18 | E74: 3.91 | F74: 3.91 | G74: 3.97 | H74: HEB | I74: 6 count | J74: 6 | K74: =G74/J74 -> 0.66166667 | L74: =K74*8 -> 5.2933333 | M74: =L74/16 -> 0.33083333 | N74: =M74/3 -> 0.11027778 | O74: =K74/28.3495 -> 0.023339624
A75: Thomas Plan Bagels (6 ct) | B75: =((E75-D75)/D75) -> -0.064593301 | C75: =((G75-F75)/F75) -> 0.015345269 | D75: 4.18 | E75: 3.91 | F75: 3.91 | G75: 3.97 | H75: HEB | I75: 6 count | J75: 6 | K75: =G75/J75 -> 0.66166667 | L75: =K75*8 -> 5.2933333 | M75: =L75/16 -> 0.33083333 | N75: =M75/3 -> 0.11027778 | O75: =K75/28.3495 -> 0.023339624
A76: Hill Country Fare Sliced Mozzarella Cheese | B76: =((E76-D76)/D76) -> -0.16908213 | C76: =((G76-F76)/F76) -> 0.040697674 | D76: 2.07 | E76: 1.72 | F76: 1.72 | G76: 1.79 | H76: HEB | I76: 10 Slices | J76: 10 | K76: =G76/J76 -> 0.179 | L76: =K76*8 -> 1.432 | M76: =L76/16 -> 0.0895 | N76: =M76/3 -> 0.029833333 | O76: =K76/28.3495 -> 0.0063140443
A77: Hill Country Fare Shredded Cheddar Cheese | B77: =((E77-D77)/D77) -> 0.20431894 | C77: =((G77-F77)/F77) -> 0 | D77: 6.02 | E77: 7.25 | F77: 6.97 | G77: 6.97 | H77: HEB | I77: 32oz | J77: 32 | K77: =G77/J77 -> 0.2178125 | L77: =K77*8 -> 1.7425 | M77: =L77/16 -> 0.10890625 | N77: =M77/3 -> 0.036302083 | O77: =K77/28.3495 -> 0.0076831161
A78: Cafe Olympia Traditional Feta Cheese Crumbles (6 oz) | B78: =((E78-D78)/D78) -> 0 | D78: 3.11 | E78: 3.11 | F78: 3.11 | H78: HEB | I78: 6oz | J78: 6 | K78: =G78/J78 -> 0 | L78: =K78*8 -> 0 | M78: =L78/16 -> 0 | N78: =M78/3 -> 0 | O78: =K78/28.3495 -> 0
A79: Oven Roasted Turkey Breast Mega Pack (22oz) (42 slices) | B79: =((E79-D79)/D79) -> -0.047662695 | C79: =((G79-F79)/F79) -> -0.038498556 | D79: 10.91 | E79: 10.39 | F79: 10.39 | G79: 9.99 | H79: HEB | I79: 42 slices | J79: 42 | K79: =G79/J79 -> 0.23785714 | L79: =K79*8 -> 1.9028571 | M79: =L79/16 -> 0.11892857 | N79: =M79/3 -> 0.039642857 | O79: =K79/28.3495 -> 0.0083901707
A80: Fresh Roma Tomato (avg .29 lb/each) | B80: =((E80-D80)/D80) -> -0.045346062 | C80: =((G80-F80)/F80) -> -0.071428571 | D80: 0.2933 | E80: 0.28 | F80: 0.28 | G80: 0.26 | H80: HEB | I80: 1 | J80: 0 | K80: 1 | L80: =K80*8 -> 8 | M80: =L80/16 -> 0.5 | N80: =M80/3 -> 0.16666667 | O80: =K80/28.3495 -> 0.035273991
A81: HEB Grape Tomatoes (10 oz) | B81: =((E81-D81)/D81) -> 0.38414634 | D81: 1.64 | E81: 2.27 | F81: 2.27 | H81: HEB | I81: 10oz | J81: 10 | K81: =G81/J81 -> 0 | L81: =K81*8 -> 0 | M81: =L81/16 -> 0 | N81: =M81/3 -> 0 | O81: =K81/28.3495 -> 0
A82: HEB Marinara Sauce | B82: =((E82-D82)/D82) -> 0 | C82: =((G82-F82)/F82) -> -0.050179211 | D82: 2.79 | E82: 2.79 | F82: 2.79 | G82: 2.65 | H82: HEB | I82: 24oz jar | J82: 24 | K82: =G82/J82 -> 0.11041667 | L82: =K82*8 -> 0.88333333 | M82: =L82/16 -> 0.055208333 | N82: =M82/3 -> 0.018402778 | O82: =K82/28.3495 -> 0.0038948365
A83: HEB Basil Pesto (6.7oz) | B83: =((E83-D83)/D83) -> 0 | C83: =((G83-F83)/F83) -> 0 | D83: 4.14 | E83: 4.14 | F83: 2.19 | G83: 2.19 | H83: HEB | I83: 6.7oz jar | J83: 6.5 | K83: =G83/J83 -> 0.33692308 | L83: =K83*8 -> 2.6953846 | M83: =L83/16 -> 0.16846154 | N83: =M83/3 -> 0.056153846 | O83: =K83/28.3495 -> 0.011884621
A84: Mantova Pesto Genovese (6.5oz) | B84: =((E84-D84)/D84) -> 0 | D84: 4.14 | E84: 4.14 | F84: 4.14 | H84: HEB | I84: 6.5oz jar | J84: 6.5 | K84: =G84/J84 -> 0 | L84: =K84*8 -> 0 | M84: =L84/16 -> 0 | N84: =M84/3 -> 0 | O84: =K84/28.3495 -> 0
A85: HEB Real Mayonaisse (30oz) | B85: =((E85-D85)/D85) -> 0.017467249 | C85: =((G85-F85)/F85) -> -0.038626609 | D85: 4.58 | E85: 4.66 | F85: 4.66 | G85: 4.48 | H85: HEB | I85: 30oz | J85: 30 | K85: =G85/J85 -> 0.14933333 | L85: =K85*8 -> 1.1946667 | M85: =L85/16 -> 0.074666667 | N85: =M85/3 -> 0.024888889 | O85: =K85/28.3495 -> 0.0052675826
A86: Libby's Pure Pumpkin Can (15oz) | B86: =((E86-D86)/D86) -> 0 | C86: =((G86-F86)/F86) -> -0.18382353 | D86: 2.72 | E86: 2.72 | F86: 2.72 | G86: 2.22 | H86: HEB | I86: 15oz Can | J86: 15 | K86: =G86/J86 -> 0.148 | L86: =K86*8 -> 1.184 | M86: =L86/16 -> 0.074 | N86: =M86/3 -> 0.024666667 | O86: =K86/28.3495 -> 0.0052205506
A87: Toll House Semi-Sweet Chocolate Chips (4.5 lb) | B87: =((E87-D87)/D87) -> -0.21443888 | C87: =((G87-F87)/F87) -> 0.27297543 | D87: 13.99 | E87: 10.99 | F87: 10.99 | G87: 13.99 | H87: Costco | I87: 4.5 lb | J87: 72 | K87: =G87/J87 -> 0.19430556 | L87: =K87*8 -> 1.5544444 | M87: =L87/16 -> 0.097152778 | N87: =M87/3 -> 0.032384259 | O87: =K87/28.3495 -> 0.0068539324
A88: HEB Unsweetened Cocoa Powder (8 oz) | B88: =((E88-D88)/D88) -> 0 | C88: =((G88-F88)/F88) -> 0.21935484 | D88: 3.1 | E88: 3.1 | F88: 3.1 | G88: 3.78 | H88: HEB | I88: 8oz | J88: 8 | K88: =G88/J88 -> 0.4725 | L88: =K88*8 -> 3.78 | M88: =L88/16 -> 0.23625 | N88: =M88/3 -> 0.07875 | O88: =K88/28.3495 -> 0.016666961
A89: HEB Brown Sugar | B89: =((E89-D89)/D89) -> 0.49112426 | C89: =((G89-F89)/F89) -> -0.03968254 | D89: 1.69 | E89: 2.52 | F89: 2.52 | G89: 2.42 | H89: HEB | I89: 2lb bag | J89: 32 | K89: =G89/J89 -> 0.075625 | L89: =K89*8 -> 0.605 | M89: =L89/16 -> 0.0378125 | N89: =M89/3 -> 0.012604167 | O89: =K89/28.3495 -> 0.0026675955
A90: C&H Powdered Sugar | B90: =((E90-D90)/D90) -> 0.19230769 | C90: =((G90-F90)/F90) -> 0.11520737 | D90: 1.82 | E90: 2.17 | F90: 2.17 | G90: 2.42 | H90: HEB | I90: 32oz | J90: 32 | K90: =G90/J90 -> 0.075625 | L90: =K90*8 -> 0.605 | M90: =L90/16 -> 0.0378125 | N90: =M90/3 -> 0.012604167 | O90: =K90/28.3495 -> 0.0026675955
A91: Bob's Red Mill Gluten Free 1-to-1 Baking Flour, 22-ounce (Pack of 4) | B91: =((E91-D91)/D91) -> 0.55451713 | C91: =((G91-F91)/F91) -> -1 | D91: 16.05 | E91: 24.95 | F91: 24.95 | H91: Amazon | I91: 4 * 22oz bags | J91: 88 | K91: =G91/J91 -> 0 | L91: =K91*8 -> 0 | M91: =L91/16 -> 0 | N91: =M91/3 -> 0 | O91: =K91/28.3495 -> 0
A92: Canyon Bakehouse Gluten Free Country White Bread (18oz) | B92: =((E92-D92)/D92) -> 0.048211509 | C92: =((G92-F92)/F92) -> -0.13649852 | D92: 6.43 | E92: 6.74 | F92: 6.74 | G92: 5.82 | H92: HEB | I92: 18oz | J92: 18 | K92: =G92/J92 -> 0.32333333 | L92: =K92*8 -> 2.5866667 | M92: =L92/16 -> 0.16166667 | N92: =M92/3 -> 0.053888889 | O92: =K92/28.3495 -> 0.011405257
A93: HCF Enriched Yellow Cornmeal (5lb) | B93: =((E93-D93)/D93) -> 0.080110497 | C93: =((G93-F93)/F93) -> 0 | D93: 3.62 | E93: 3.91 | F93: 3.91 | G93: 3.91 | H93: HEB | I93: 5lb bag | J93: 80 | K93: =G93/J93 -> 0.048875 | L93: =K93*8 -> 0.391 | M93: =L93/16 -> 0.0244375 | N93: =M93/3 -> 0.0081458333 | O93: =K93/28.3495 -> 0.0017240163
A94: HCF Baking Powder (8.1oz) | B94: =((E94-D94)/D94) -> 0.28571429 | C94: =((G94-F94)/F94) -> -0.037037037 | D94: 1.68 | E94: 2.16 | F94: 2.16 | G94: 2.08 | H94: HEB | I94: 8.1oz | J94: 8.1 | K94: =G94/J94 -> 0.25679012 | L94: =K94*8 -> 2.054321 | M94: =L94/16 -> 0.12839506 | N94: =M94/3 -> 0.042798354 | O94: =K94/28.3495 -> 0.0090580124
A95: HCF Baking Soda (64oz) | B95: =((E95-D95)/D95) -> 0.16541353 | C95: =((G95-F95)/F95) -> -0.038709677 | D95: 2.66 | E95: 3.1 | F95: 3.1 | G95: 2.98 | H95: HEB | I95: 64oz | J95: 64 | K95: =G95/J95 -> 0.0465625 | L95: =K95*8 -> 0.3725 | M95: =L95/16 -> 0.02328125 | N95: =M95/3 -> 0.0077604167 | O95: =K95/28.3495 -> 0.0016424452
A96: HCF Cornstarch (1lb) | B96: =((E96-D96)/D96) -> 0.14906832 | C96: =((G96-F96)/F96) -> -0.16216216 | D96: 1.61 | E96: 1.85 | F96: 1.85 | G96: 1.55 | H96: HEB | I96: 1lb | J96: 16 | K96: =G96/J96 -> 0.096875 | L96: =K96*8 -> 0.775 | M96: =L96/16 -> 0.0484375 | N96: =M96/3 -> 0.016145833 | O96: =K96/28.3495 -> 0.0034171679
A97: Hungry Jack Complete Buttermilk Waffle Mix (32 oz) | B97: =((E97-D97)/D97) -> -0.30434783 | C97: 0 | D97: 4.14 | E97: 2.88 | F97: 2.88 | H97: HEB | I97: 32 | J97: 32 | K97: =G97/J97 -> 0 | L97: =K97*8 -> 0 | M97: =L97/16 -> 0 | N97: =M97/3 -> 0 | O97: =K97/28.3495 -> 0
A98: HEB Iodized salt (26oz) | B98: =((E98-D98)/D98) -> 0.42553191 | C98: =((G98-F98)/F98) -> -0.044776119 | D98: 0.47 | E98: 0.67 | F98: 0.67 | G98: 0.64 | H98: HEB | I98: 26oz can | J98: 26 | K98: =G98/J98 -> 0.024615385 | L98: =K98*8 -> 0.19692308 | M98: =L98/16 -> 0.012307692 | N98: =M98/3 -> 0.0041025641 | O98: =K98/28.3495 -> 0.00086828285
A99: Hill Country Fare Large White Eggs (36 pack) | B99: =((E99-D99)/D99) -> 0.019900498 | C99: =((G99-F99)/F99) -> 0.42926829 | D99: 8.04 | E99: 8.2 | F99: 8.2 | G99: 11.72 | H99: HEB | I99: 36 eggs | J99: 36 | K99: =G99/J99 -> 0.32555556 | L99: =K99*8 -> 2.6044444 | M99: =L99/16 -> 0.16277778 | N99: =M99/3 -> 0.054259259 | O99: =K99/28.3495 -> 0.011483644
A100: Hill Country Fare Egg Whites | B100: =((E100-D100)/D100) -> -0.039443155 | C100: =((G100-F100)/F100) -> 0.14009662 | D100: 4.31 | E100: 4.14 | F100: 4.14 | G100: 4.72 | H100: HEB | I100: 32oz | J100: 32 | K100: =G100/J100 -> 0.1475 | L100: =K100*8 -> 1.18 | M100: =L100/16 -> 0.07375 | N100: =M100/3 -> 0.024583333 | O100: =K100/28.3495 -> 0.0052029136
A101: HEB Texas Heritage Original Smoked Sausage - Original (13oz) | B101: =((E101-D101)/D101) -> 0.04008016 | C101: =((G101-F101)/F101) -> 0.057803468 | D101: 4.99 | E101: 5.19 | F101: 5.19 | G101: 5.49 | H101: HEB | I101: 13oz | J101: 13 | K101: =G101/J101 -> 0.42230769 | L101: =K101*8 -> 3.3784615 | M101: =L101/16 -> 0.21115385 | N101: =M101/3 -> 0.070384615 | O101: =K101/28.3495 -> 0.014896478
...

Sheet Drink Recipe Calculator
M1: Type | N1: Packaging Cost | O1: Latte Cost with packaging | P1: Latte Menu Price | Q1: COGS | R1: Profit
M2: Small hot | N2: ='Full Inventory Cost'!K144+'Full Inventory Cost'!K150+'Full Inventory Cost'!K153 -> 0.16161 | O2: ='Full Inventory Cost'!K20*10+0.34+N2 -> 0.8125475 | P2: 5.25 | Q2: =O2/P2 -> 0.15477095 | R2: =P2-O2 -> 4.4374525
A3: Core Menu Items | M3: Medium hot | N3: ='Full Inventory Cost'!K145+'Full Inventory Cost'!K150+'Full Inventory Cost'!K153 -> 0.19081 | O3: ='Full Inventory Cost'!K20*14+0.34+N3 -> 0.9661225 | P3: 6 | Q3: =O3/P3 -> 0.16102042 | R3: =P3-O3 -> 5.0338775
M4: Large Hot | N4: ='Full Inventory Cost'!K146+'Full Inventory Cost'!K150+'Full Inventory Cost'!K153 -> 0.18861 | O4: ='Full Inventory Cost'!K20*18+0.68+N4 -> 1.4282975 | P4: 7.5 | Q4: =O4/P4 -> 0.19043967 | R4: =P4-O4 -> 6.0717025
A6: Recipe : | B6: Small Matcha Latte | D6: 16oz Iced | M6: Small Iced | N6: ='Full Inventory Cost'!K147+'Full Inventory Cost'!K151+'Full Inventory Cost'!K154+'Full Inventory Cost'!K173 -> 0.21687 | O6: ='Full Inventory Cost'!K20*10+0.34+N6 -> 0.8678075 | P6: 5.25 | Q6: =O6/P6 -> 0.16529667 | R6: =P6-O6 -> 4.3821925
A7: Serving Quantity: | B7: 1 | M7: Medium Iced | N7: ='Full Inventory Cost'!K148+'Full Inventory Cost'!K151+'Full Inventory Cost'!K154+'Full Inventory Cost'!K173 -> 0.22377 | O7: ='Full Inventory Cost'!K20*14+0.34+N7 -> 0.9990825 | P7: 6 | Q7: =O7/P7 -> 0.16651375 | R7: =P7-O7 -> 5.0009175
M8: Large Iced | N8: ='Full Inventory Cost'!K149+'Full Inventory Cost'!K151+'Full Inventory Cost'!K154+'Full Inventory Cost'!K173 -> 0.22110333 | O8: ='Full Inventory Cost'!K20*16+0.68+N8 -> 1.3986033 | P8: 7.25 | Q8: =O8/P8 -> 0.1929108 | R8: =P8-O8 -> 5.8513967
A9: Ingredients | B9: Recipe | D9: Cost per unit | F9: Cost for Recipe
A10: Panini
A11: Matcha Powder | B11: 1 | C11: teaspoon | D11: ='Full Inventory Cost'!N119 -> 0.20822917 | E11: teaspoon | F11: =B11*D11 -> 0.20822917
A12: Milk | B12: 10 | C12: oz | D12: ='Full Inventory Cost'!K20 -> 0.03109375 | E12: oz | F12: =B12*D12 -> 0.3109375
A14: Packaging
A15: 16 oz iced cup | B15: 1 | C15: unit | D15: ='Full Inventory Cost'!K147 -> 0.0972 | E15: unit | F15: =B15*D15 -> 0.0972
A16: iced lid | B16: 1 | C16: unit | D16: ='Full Inventory Cost'!K151 -> 0.05099 | E16: unit | F16: =B16*D16 -> 0.05099
A17: straw | B17: 1 | C17: unit | D17: ='Full Inventory Cost'!K154 -> 0.01909 | E17: unit | F17: =B17*D17 -> 0.01909
A18: sticker | B18: 1 | C18: unit | D18: ='Full Inventory Cost'!K173 -> 0.04959 | E18: unit | F18: =B18*D18 -> 0.04959
E20: Cost per batch | F20: =SUM(F10:F17) -> 0.68644667 | G20: 20% COGS Menu Pricing | H20: 2023 Price | I20: COGS % at current price | J20: New Price | K20: COGS with New Price
E21: Cost per unit | F21: =F20/B7 -> 0.68644667 | G21: =F21*5 -> 3.4322333 | H21: 4.75 | I21: =F21/H21 -> 0.14451509 | J21: 5.5 | K21: =F21/J21 -> 0.12480848 | L21: =J21-F21 -> 4.8135533
A24: Recipe : | B24: Large Matcha Latte | D24: 24oz Iced
A25: Serving Quantity: | B25: 1
A27: Ingredients | B27: Recipe | D27: Cost per unit | F27: Cost for Recipe
A28: Panini
A29: Matcha Powder | B29: 2 | C29: teaspoon | D29: ='Full Inventory Cost'!N119 -> 0.20822917 | E29: teaspoon | F29: =B29*D29 -> 0.41645833
A30: Milk | B30: 14 | C30: oz | D30: ='Full Inventory Cost'!K20 -> 0.03109375 | E30: oz | F30: =B30*D30 -> 0.4353125
A32: Packaging
A33: 24 oz iced cup | B33: 1 | C33: unit | D33: ='Full Inventory Cost'!K149 -> 0.10143333 | E33: unit | F33: =B33*D33 -> 0.10143333
A34: iced lid | B34: 1 | C34: unit | D34: ='Full Inventory Cost'!K151 -> 0.05099 | E34: unit | F34: =B34*D34 -> 0.05099
A35: straw | B35: 1 | C35: unit | D35: ='Full Inventory Cost'!K154 -> 0.01909 | E35: unit | F35: =B35*D35 -> 0.01909
A36: sticker | B36: 1 | C36: unit | D36: ='Full Inventory Cost'!K173 -> 0.04959 | E36: unit | F36: =B36*D36 -> 0.04959
E38: Cost per batch | F38: =SUM(F28:F35) -> 1.0232842 | G38: 20% COGS Menu Pricing | H38: 2023 Price | I38: COGS % at current price | J38: New Price | K38: COGS with New Price
E39: Cost per unit | F39: =F38/B25 -> 1.0232842 | G39: =F39*5 -> 5.1164208 | H39: 6.75 | I39: =F39/H39 -> 0.15159765 | J39: 7.5 | K39: =F39/J39 -> 0.13643789 | L39: =J39-F39 -> 6.4767158
A42: Recipe : | B42: Small Chai Latte | D42: 16oz Iced
A43: Serving Quantity: | B43: 1
A45: Ingredients | B45: Recipe | D45: Cost per unit | F45: Cost for Recipe
A46: Panini
A47: Chai | B47: 5 | C47: oz | D47: ='Full Inventory Cost'!K7 -> 0.18229167 | E47: oz | F47: =B47*D47 -> 0.91145833
A48: Milk | B48: 5 | C48: oz | D48: ='Full Inventory Cost'!K20 -> 0.03109375 | E48: oz | F48: =B48*D48 -> 0.15546875
A50: Packaging
A51: 16 oz iced cup | B51: 1 | C51: unit | D51: ='Full Inventory Cost'!K147 -> 0.0972 | E51: unit | F51: =B51*D51 -> 0.0972
A52: iced lid | B52: 1 | C52: unit | D52: ='Full Inventory Cost'!K151 -> 0.05099 | E52: unit | F52: =B52*D52 -> 0.05099
A53: straw | B53: 1 | C53: unit | D53: ='Full Inventory Cost'!K154 -> 0.01909 | E53: unit | F53: =B53*D53 -> 0.01909
A54: sticker | B54: 1 | C54: unit | D54: ='Full Inventory Cost'!K173 -> 0.04959 | E54: unit | F54: =B54*D54 -> 0.04959
E56: Cost per batch | F56: =SUM(F46:F53) -> 1.2342071 | G56: 20% COGS Menu Pricing | H56: 2023 Price | I56: COGS % at current price | J56: New Price | K56: COGS with New Price
E57: Cost per unit | F57: =F56/B43 -> 1.2342071 | G57: =F57*5 -> 6.1710354 | H57: 5.5 | I57: =F57/H57 -> 0.22440129 | J57: 5.5 | K57: =F57/J57 -> 0.22440129 | L57: =J57-F57 -> 4.2657929
A60: Recipe : | B60: Large Chai Latte | D60: 24oz Iced
A61: Serving Quantity: | B61: 1
A63: Ingredients | B63: Recipe | D63: Cost per unit | F63: Cost for Recipe
A64: Panini
A65: Chai | B65: 7 | C65: oz | D65: ='Full Inventory Cost'!K7 -> 0.18229167 | E65: oz | F65: =B65*D65 -> 1.2760417
A66: Milk | B66: 7 | C66: oz | D66: ='Full Inventory Cost'!K20 -> 0.03109375 | E66: oz | F66: =B66*D66 -> 0.21765625
A68: Packaging
A69: 24 oz iced cup | B69: 1 | C69: unit | D69: ='Full Inventory Cost'!K149 -> 0.10143333 | E69: unit | F69: =B69*D69 -> 0.10143333
A70: iced lid | B70: 1 | C70: unit | D70: ='Full Inventory Cost'!K151 -> 0.05099 | E70: unit | F70: =B70*D70 -> 0.05099
A71: straw | B71: 1 | C71: unit | D71: ='Full Inventory Cost'!K154 -> 0.01909 | E71: unit | F71: =B71*D71 -> 0.01909
A72: sticker | B72: 1 | C72: unit | D72: ='Full Inventory Cost'!K173 -> 0.04959 | E72: unit | F72: =B72*D72 -> 0.04959
E74: Cost per batch | F74: =SUM(F64:F71) -> 1.6652113 | G74: 20% COGS Menu Pricing | H74: 2023 Price | I74: COGS % at current price | J74: New Price | K74: COGS with New Price | L74: Profit per Sale
E75: Cost per unit | F75: =F74/B61 -> 1.6652113 | G75: =F75*5 -> 8.3260563 | H75: 7.5 | I75: =F75/H75 -> 0.22202817 | J75: 7.5 | K75: =F75/J75 -> 0.22202817 | L75: =J75-F75 -> 5.8347888
A78: Recipe : | B78: Green Smoothie | D78: 16oz
A79: Serving Quantity: | B79: 1
A81: Ingredients | B81: Recipe | D81: Cost per unit | F81: Cost for Recipe
A82: Smoothie
A83: Green Apple | B83: 60 | C83: grams | D83: ='Full Inventory Cost'!O15 -> 0.0030644279 | E83: grams | F83: =B83*D83 -> 0.18386568
A84: Banana | B84: 40 | C84: grams | D84: ='Full Inventory Cost'!O16 -> 0.0011108573 | E84: grams | F84: =B84*D84 -> 0.044434291
A85: Peanut Butter | B85: 20 | C85: grams | D85: ='Full Inventory Cost'!O109 -> 0.0040381371 | E85: grams | F85: =B85*D85 -> 0.080762741
A86: Spinach | B86: 30 | C86: grams | D86: ='Full Inventory Cost'!O17 -> 0.0068196382 | E86: grams | F86: =B86*D86 -> 0.20458915
A87: Oat Milk | B87: 10 | C87: oz | D87: ='Full Inventory Cost'!K24 -> 0.060625 | E87: oz | F87: =B87*D87 -> 0.60625
A89: Packaging
A90: 16 oz iced cup | B90: 1 | C90: unit | D90: ='Full Inventory Cost'!K147 -> 0.0972 | E90: unit | F90: =B90*D90 -> 0.0972
A91: iced lid | B91: 1 | C91: unit | D91: ='Full Inventory Cost'!K151 -> 0.05099 | E91: unit | F91: =B91*D91 -> 0.05099
A92: straw | B92: 1 | C92: unit | D92: ='Full Inventory Cost'!K154 -> 0.01909 | E92: unit | F92: =B92*D92 -> 0.01909
A93: sticker | B93: 1 | C93: unit | D93: ='Full Inventory Cost'!K173 -> 0.04959 | E93: unit | F93: =B93*D93 -> 0.04959
E95: Cost per batch | F95: =SUM(F82:F93) -> 1.3367719 | G95: 20% COGS Menu Pricing | H95: 2023 Price | I95: COGS % at current price | J95: New Price | K95: COGS with New Price
E96: Cost per unit | F96: =F95/B79 -> 1.3367719 | G96: =F96*5 -> 6.6838593 | H96: 7 | I96: =F96/H96 -> 0.19096741 | J96: 8 | K96: =F96/J96 -> 0.16709648 | L96: =J96-F96 -> 6.6632281
A99: Recipe : | B99: Tropical Smoothie | D99: 16oz | M99: TRIAL | N99: Recipe : | O99: Tropical Smoothie | Q99: 16oz
A100: Serving Quantity: | B100: 1 | N100: Serving Quantity: | O100: 1
A102: Ingredients | B102: Recipe | D102: Cost per unit | F102: Cost for Recipe | N102: Ingredients | O102: Recipe | Q102: Cost per unit | S102: Cost for Recipe
A103: Smoothie | N103: Smoothie
A104: Frozen Mango | B104: 75 | C104: grams | D104: ='Full Inventory Cost'!O11 -> 0.0071870756 | E104: grams | F104: =B104*D104 -> 0.53903067 | N104: Frozen Mango | O104: 75 | P104: grams | Q104: ='Full Inventory Cost'!AA11 | R104: grams | S104: =O104*Q104 -> 0
A105: Mango Peach Jam | B105: 2 | C105: tablespoon | D105: ='Full Inventory Cost'!M12 -> 0.12516129 | E105: tablespoon | F105: =B105*D105 -> 0.25032258 | N105: Pinapple Jam | O105: 2 | P105: tablespoon | Q105: ='Full Inventory Cost'!Y12 | R105: tablespoon | S105: =O105*Q105 -> 0
A106: banana | B106: 75 | C106: grams | D106: ='Full Inventory Cost'!O16 -> 0.0011108573 | E106: grams | F106: =B106*D106 -> 0.083314295 | N106: banana | O106: 75 | P106: grams | Q106: ='Full Inventory Cost'!AA16 | R106: grams | S106: =O106*Q106 -> 0
A107: Coconut Milk | B107: 10 | C107: oz | D107: ='Full Inventory Cost'!K23 -> 0.05234375 | E107: oz | F107: =B107*D107 -> 0.5234375 | N107: Coconut Milk | O107: 10 | P107: oz | Q107: ='Full Inventory Cost'!W23 | R107: oz | S107: =O107*Q107 -> 0
A109: Packaging | N109: Packaging
A110: 16 oz iced cup | B110: 1 | C110: unit | D110: ='Full Inventory Cost'!K147 -> 0.0972 | E110: unit | F110: =B110*D110 -> 0.0972 | N110: 16 oz iced cup | O110: 1 | P110: unit | Q110: ='Full Inventory Cost'!W147 | R110: unit | S110: =O110*Q110 -> 0
A111: iced lid | B111: 1 | C111: unit | D111: ='Full Inventory Cost'!K151 -> 0.05099 | E111: unit | F111: =B111*D111 -> 0.05099 | N111: iced lid | O111: 1 | P111: unit | Q111: ='Full Inventory Cost'!W151 | R111: unit | S111: =O111*Q111 -> 0
A112: straw | B112: 1 | C112: unit | D112: ='Full Inventory Cost'!K154 -> 0.01909 | E112: unit | F112: =B112*D112 -> 0.01909 | N112: straw | O112: 1 | P112: unit | Q112: ='Full Inventory Cost'!W154 | R112: unit | S112: =O112*Q112 -> 0
A113: sticker | B113: 1 | C113: unit | D113: ='Full Inventory Cost'!K173 -> 0.04959 | E113: unit | F113: =B113*D113 -> 0.04959 | N113: sticker | O113: 1 | P113: unit | Q113: ='Full Inventory Cost'!W173 | R113: unit | S113: =O113*Q113 -> 0
E115: Cost per batch | F115: =SUM(F103:F113) -> 1.612975 | G115: 20% COGS Menu Pricing | H115: 2023 Price | I115: COGS % at current price | J115: New Price | K115: COGS with New Price | R115: Cost per batch | S115: =SUM(S103:S113) -> 0 | T115: 20% COGS Menu Pricing | U115: Current Menu Price | V115: COGS % at current price | W115: 2023 Price | X115: COGS with New Price
E116: Cost per unit | F116: =F115/B100 -> 1.612975 | G116: =F116*5 -> 8.0648752 | H116: 7.5 | I116: =F116/H116 -> 0.21506334 | J116: 8 | K116: =F116/J116 -> 0.20162188 | L116: =J116-F116 -> 6.387025 | R116: Cost per unit | S116: =S115/O100 -> 0 | T116: =S116*5 -> 0 | U116: 6 | V116: =S116/U116 -> 0 | W116: 7.5 | X116: =S116/W116 -> 0
A120: Recipe : | B120: Strawberry Smoothie | D120: 16oz
A121: Serving Quantity: | B121: 1
A123: Ingredients | B123: Recipe | D123: Cost per unit | F123: Cost for Recipe
A124: Smoothie
A125: Frozen Strawberries | B125: 150 | C125: grams | D125: ='Full Inventory Cost'!O9 -> 0.0048413552 | E125: grams | F125: =B125*D125 -> 0.72620328
A126: Strawberry Preserve | B126: 2 | C126: tablespoon | D126: ='Full Inventory Cost'!M14 -> 0.06625 | E126: tablespoon | F126: =B126*D126 -> 0.1325
A127: Coconut Milk | B127: 10 | C127: oz | D127: ='Full Inventory Cost'!K23 -> 0.05234375 | E127: oz | F127: =B127*D127 -> 0.5234375
A129: Packaging
A130: 16 oz iced cup | B130: 1 | C130: unit | D130: ='Full Inventory Cost'!K147 -> 0.0972 | E130: unit | F130: =B130*D130 -> 0.0972
A131: iced lid | B131: 1 | C131: unit | D131: ='Full Inventory Cost'!K151 -> 0.05099 | E131: unit | F131: =B131*D131 -> 0.05099
A132: straw | B132: 1 | C132: unit | D132: ='Full Inventory Cost'!K154 -> 0.01909 | E132: unit | F132: =B132*D132 -> 0.01909
A133: sticker | B133: 1 | C133: unit | D133: ='Full Inventory Cost'!K173 -> 0.04959 | E133: unit | F133: =B133*D133 -> 0.04959
...

Sheet Food Recipe Calculator
A1: 2024 Menu Recipe Calculator
A3: Core Menu Items
A6: Recipe: | B6: Blueberry Muffins
A7: Serving Quantity | B7: 12
A9: Ingredients | B9: Recipe | D9: Cost per unit | F9: Cost for Recipe
A10: Muffin
A11: Unsalted Butter | B11: 1 | C11: cup | D11: ='Full Inventory Cost'!L110 -> 1.525 | E11: cup | F11: =B11*D11 -> 1.525
A12: White Sugar | B12: 2.5 | C12: cup | D12: ='Full Inventory Cost'!L111 -> 0.3598 | E12: cup | F12: =B12*D12 -> 0.8995
A13: Eggs | B13: 4 | C13: unit | D13: ='Full Inventory Cost'!K99 -> 0.32555556 | E13: unit | F13: =B13*D13 -> 1.3022222
A14: Vanilla Extract | B14: 2 | C14: teaspoon | D14: ='Full Inventory Cost'!N115 -> 0.1040625 | E14: teaspoon | F14: =B14*D14 -> 0.208125
A15: Flour | B15: 4 | C15: cup | D15: ='Full Inventory Cost'!L112 -> 0.1498 | E15: cup | F15: =B15*D15 -> 0.5992
A16: Iodized Salt | B16: 1 | C16: teaspoon | D16: ='Full Inventory Cost'!N98 -> 0.0041025641 | E16: teaspoon | F16: =B16*D16 -> 0.0041025641
A17: Baking Powder | B17: 4 | C17: teaspoon | D17: ='Full Inventory Cost'!N94 -> 0.042798354 | E17: teaspoon | F17: =B17*D17 -> 0.17119342
A18: Whole Milk | B18: 1 | C18: cup | D18: ='Full Inventory Cost'!L20 -> 0.24875 | E18: cup | F18: =B18*D18 -> 0.24875
A19: Frozen Blueberries | B19: 3.25 | C19: cup | D19: ='Full Inventory Cost'!L10 -> 1.198 | E19: cup | F19: =B19*D19 -> 3.8935
A21: Topping
A22: Unsalted Butter | B22: 4 | C22: tablespoon | D22: ='Full Inventory Cost'!M110 -> 0.0953125 | E22: tablespoon | F22: =B22*D22 -> 0.38125
A23: White Sugar | B23: 0.5 | C23: cup | D23: =D12 -> 0.3598 | E23: cup | F23: =B23*D23 -> 0.1799
A24: Flour | B24: 0.5 | C24: cup | D24: =D15 -> 0.1498 | E24: cup | F24: =B24*D24 -> 0.0749
A26: Packaging
A27: Muffin Baking Cup | B27: =B7 -> 12 | C27: unit | D27: ='Full Inventory Cost'!K160 -> 0.11992 | E27: unit | F27: =B27*D27 -> 1.43904
A28: Kraft Brown Bag 6x8" | B28: =B7 -> 12 | C28: unit | D28: ='Full Inventory Cost'!K161 -> 0.03485 | E28: unit | F28: =B28*D28 -> 0.4182
E30: Cost per batch | F30: =SUM(F10:F29) -> 11.344883 | G30: 20% COGS Menu Pricing | H30: Current Menu Price | I30: COGS % at current price | J30: New Price | K30: COGS with New Price
E31: Cost per unit | F31: =F30/B7 -> 0.94540693 | G31: =F31*5 -> 4.7270347 | H31: 4 | I31: =F31/H31 -> 0.23635173 | J31: 4.5 | K31: =F31/J31 -> 0.21009043 | L31: =J31-F31 -> 3.5545931
A34: Recipe : | B34: Double Chocolate Muffins
A35: Serving Quantity: | B35: 12
A37: Ingredients | B37: Recipe | D37: Cost per unit | F37: Cost for Recipe
A38: Muffin
A39: Unsalted Butter | B39: 1 | C39: cup | D39: ='Full Inventory Cost'!L110 -> 1.525 | E39: cup | F39: =B39*D39 -> 1.525
A40: White Sugar | B40: 2.5 | C40: cup | D40: ='Full Inventory Cost'!L111 -> 0.3598 | E40: cup | F40: =B40*D40 -> 0.8995
A41: Eggs | B41: 4 | C41: unit | D41: ='Full Inventory Cost'!K99 -> 0.32555556 | E41: unit | F41: =B41*D41 -> 1.3022222
A42: Vanilla Extract | B42: 2 | C42: teaspoon | D42: ='Full Inventory Cost'!M115 -> 0.3121875 | E42: teaspoon | F42: =B42*D42 -> 0.624375
A43: Flour | B43: 4 | C43: cup | D43: ='Full Inventory Cost'!L112 -> 0.1498 | E43: cup | F43: =B43*D43 -> 0.5992
A44: Iodized Salt | B44: 1 | C44: teaspoon | D44: 0.01 | E44: teaspoon | F44: =B44*D44 -> 0.01
A45: Baking Powder | B45: 4 | C45: teaspoon | D45: ='Full Inventory Cost'!N94 -> 0.042798354 | E45: teaspoon | F45: =B45*D45 -> 0.17119342
A46: Whole Milk | B46: 1 | C46: cup | D46: ='Full Inventory Cost'!L20 -> 0.24875 | E46: cup | F46: =B46*D46 -> 0.24875
A47: Chocolate Chips | B47: 2 | C47: cup | D47: ='Full Inventory Cost'!L87 -> 1.5544444 | E47: cup | F47: =B47*D47 -> 3.1088889
A48: Cocoa Powder | B48: 1 | C48: cup | D48: ='Full Inventory Cost'!L88 -> 3.78 | E48: cup | F48: =B48*D48 -> 3.78
A52: Packaging
A53: Muffin Baking Cup | B53: =B35 -> 12 | C53: unit | D53: =D27 -> 0.11992 | E53: unit | F53: =B53*D53 -> 1.43904
A54: Kraft Brown Bag 6x8" | B54: =B35 -> 12 | C54: unit | D54: ='Full Inventory Cost'!K161 -> 0.03485 | E54: unit | F54: =B54*D54 -> 0.4182
E56: Cost per batch | F56: =SUM(F39:F55) -> 14.12637 | G56: 20% COGS Menu Pricing | H56: Current Menu Price | I56: COGS % at current price | J56: New Price | K56: COGS with New Price
E57: Cost per unit | F57: =F56/B35 -> 1.1771975 | G57: =F57*5 -> 5.8859873 | H57: 4 | I57: =F57/H57 -> 0.29429937 | J57: 4.5 | K57: =F57/J57 -> 0.26159944 | L57: =J57-F57 -> 3.3228025
A59: Recipe : | B59: Chocolate Chip Cookies | D59: 100 Grams
A60: Serving Quantity: | B60: 21
A62: Ingredients | B62: Recipe | D62: Cost per unit | F62: Cost for Recipe
A63: Cookie
A64: Unsalted Butter | B64: 2 | C64: cup | D64: ='Full Inventory Cost'!L110 -> 1.525 | E64: cup | F64: =B64*D64 -> 3.05
A65: Brown Sugar | B65: 3 | C65: cup | D65: ='Full Inventory Cost'!L89 -> 0.605 | E65: cup | F65: =B65*D65 -> 1.815
A66: White Sugar | B66: 1 | C66: cup | D66: ='Full Inventory Cost'!L111 -> 0.3598 | E66: cup | F66: =B66*D66 -> 0.3598
A67: Eggs | B67: 4 | C67: unit | D67: ='Full Inventory Cost'!K99 -> 0.32555556 | E67: unit | F67: =B67*D67 -> 1.3022222
A68: Vanilla Extract | B68: 2 | C68: teaspoon | D68: ='Full Inventory Cost'!N115 -> 0.1040625 | E68: teaspoon | F68: =B68*D68 -> 0.208125
A69: Maple Syrup | B69: 0.5 | C69: cup | D69: ='Full Inventory Cost'!L116 -> 0 | E69: cup | F69: =B69*D69 -> 0
A70: Flour | B70: 6.5 | C70: cup | D70: ='Full Inventory Cost'!L112 -> 0.1498 | E70: cup | F70: =B70*D70 -> 0.9737
A71: Corn Starch | B71: 4 | C71: teaspoon | D71: ='Full Inventory Cost'!N96 -> 0.016145833 | E71: teaspoon | F71: =B71*D71 -> 0.064583333
A72: Baking Soda | B72: 2 | C72: teaspoon | D72: ='Full Inventory Cost'!N95 -> 0.0077604167 | E72: teaspoon | F72: =B72*D72 -> 0.015520833
A73: Baking Powder | B73: 2 | C73: teaspoon | D73: ='Full Inventory Cost'!N94 -> 0.042798354 | E73: teaspoon | F73: =B73*D73 -> 0.085596708
A74: Iodized Salt | B74: 2 | C74: teaspoon | D74: ='Full Inventory Cost'!N95 -> 0.0077604167 | E74: teaspoon | F74: =B74*D74 -> 0.015520833
A75: Chocolate Chips | B75: 4 | C75: cup | D75: ='Full Inventory Cost'!L87 -> 1.5544444 | E75: cup | F75: =B75*D75 -> 6.2177778
A77: Packaging
A78: Kraft Brown Bag 6x8" | B78: =B60 -> 21 | C78: unit | D78: ='Full Inventory Cost'!K161 -> 0.03485 | E78: unit | F78: =B78*D78 -> 0.73185
E80: Cost per batch | F80: =SUM(F63:F79) -> 14.839697 | G80: 20% COGS Menu Pricing | H80: Current Menu Price | I80: COGS % at current price | J80: New Price | K80: COGS with New Price
E81: Cost per unit | F81: =F80/B60 -> 0.70665222 | G81: =F81*5 -> 3.5332611 | H81: 3 | I81: =F81/H81 -> 0.23555074 | J81: 3.75 | K81: =F81/J81 -> 0.18844059 | L81: =J81-F81 -> 3.0433478
A84: Recipe : | B84: GF Snickerdoodle Cookies | E84: 75 Grams
A85: Serving Quantity: | B85: 25
A87: Ingredients | B87: Recipe | D87: Cost per unit | F87: Cost for Recipe
A88: Cookie
A89: Unsalted Butter | B89: 2 | C89: cup | D89: =D64 -> 1.525 | E89: cup | F89: =B89*D89 -> 3.05
A90: White Sugar | B90: 1 | C90: cup | D90: =D66 -> 0.3598 | E90: cup | F90: =B90*D90 -> 0.3598
A91: Brown Sugar | B91: 3 | C91: cup | D91: ='Full Inventory Cost'!L114 -> 1.299 | E91: cup | F91: =B91*D91 -> 3.897
A92: Eggs | B92: 4 | C92: unit | D92: =D67 -> 0.32555556 | E92: unit | F92: =B92*D92 -> 1.3022222
A93: Vanilla Extract | B93: 2 | C93: teaspoon | D93: =D68 -> 0.1040625 | E93: teaspoon | F93: =B93*D93 -> 0.208125
A94: Gluten-Free Flour | B94: 6.5 | C94: cup | D94: ='Full Inventory Cost'!L91 -> 0 | E94: cup | F94: =B94*D94 -> 0
A95: Cream of Tartar | B95: 4 | C95: teaspoon | D95: ='Full Inventory Cost'!N122 -> 0.15646667 | E95: teaspoon | F95: =B95*D95 -> 0.62586667
A96: Cinnamon | B96: 2 | C96: teaspoon | D96: ='Full Inventory Cost'!N126 -> 0.062479167 | E96: teaspoon | F96: =B96*D96 -> 0.12495833
A97: Baking Soda | B97: 2 | C97: teaspoon | D97: =D72 -> 0.0077604167 | E97: teaspoon | F97: =B97*D97 -> 0.015520833
A98: Iodized Salt | B98: 1 | C98: teaspoon | D98: =D74 -> 0.0077604167 | E98: teaspoon | F98: =B98*D98 -> 0.0077604167
A100: Topping
A101: White Sugar | B101: 1 | C101: cup | D101: =D90 -> 0.3598 | E101: cup | F101: =B101*D101 -> 0.3598
A102: Cinnamon | B102: 4 | C102: tablespoon | D102: ='Full Inventory Cost'!M126 -> 0.1874375 | E102: tablespoon | F102: =B102*D102 -> 0.74975
A104: Packaging
A105: Kraft Brown Bag 6x8" | B105: =B85 -> 25 | C105: unit | D105: =D78 -> 0.03485 | E105: unit | F105: =B105*D105 -> 0.87125
E107: Cost per batch | F107: =SUM(F88:F106) -> 11.572053 | G107: 20% COGS Menu Pricing | H107: Current Menu Price | I107: COGS % at current price | J107: New Price | K107: COGS with New Price
E108: Cost per unit | F108: =F107/B85 -> 0.46288214 | G108: =F108*5 -> 2.3144107 | H108: 3 | I108: =F108/H108 -> 0.15429405 | J108: 4 | K108: =F108/J108 -> 0.11572053 | L108: =J108-F108 -> 3.5371179
A111: Recipe : | B111: Chocolate Chip Peanut Butter Cookies | E111: 100 Grams
A112: Serving Quantity: | B112: 20
A114: Ingredients | B114: Recipe | D114: Cost per unit | F114: Cost for Recipe
A115: Cookie
A116: Unsalted Butter | B116: 2 | C116: cup | D116: ='Full Inventory Cost'!L110 -> 1.525 | E116: cup | F116: =B116*D116 -> 3.05
A117: White Sugar | B117: 1 | C117: cup | D117: ='Full Inventory Cost'!L111 -> 0.3598 | E117: cup | F117: =B117*D117 -> 0.3598
A118: Brown Sugar | B118: 3 | C118: cup | D118: ='Full Inventory Cost'!L89 -> 0.605 | E118: cup | F118: =B118*D118 -> 1.815
A119: Whole Milk | B119: 12 | C119: tablespoon | D119: 0.02 | E119: tablespoon | F119: =B119*D119 -> 0.24
A120: Vanilla Extract | B120: 2 | C120: teaspoon | D120: =D95 -> 0.15646667 | E120: teaspoon | F120: =B120*D120 -> 0.31293333
A121: Flour | B121: 6.5 | C121: cup | D121: =D70 -> 0.1498 | E121: cup | F121: =B121*D121 -> 0.9737
A122: Baking Soda | B122: 2 | C122: teaspoon | D122: ='Full Inventory Cost'!N95 -> 0.0077604167 | E122: teaspoon | F122: =B122*D122 -> 0.015520833
A123: Chocolate Chips | B123: 1.5 | C123: cup | D123: =D75 -> 1.5544444 | E123: cup | F123: =B123*D123 -> 2.3316667
A125: Packaging
A126: Kraft Brown Bag 6x8" | B126: =B112 -> 20 | C126: unit | D126: =D105 -> 0.03485 | E126: unit | F126: =B126*D126 -> 0.697
E128: Cost per batch | F128: =SUM(F115:F127) -> 9.7956208 | G128: 20% COGS Menu Pricing | H128: Current Menu Price | I128: COGS % at current price | J128: New Price | K128: COGS with New Price
E129: Cost per unit | F129: =F128/B112 -> 0.48978104 | G129: =F129*5 -> 2.4489052 | H129: 3 | I129: =F129/H129 -> 0.16326035 | J129: 3.75 | K129: =F129/J129 -> 0.13060828 | L129: =J129-F129 -> 3.260219
...
